{"cameraMode":{"drawMode":0,"name":"Shaded","section":"Shading Mode"},"sceneLighting":true,"audioPlay":false,"sceneViewState":{"showFog":true,"showMaterialUpdate":false,"showSkybox":true,"showFlares":true,"showImageEffects":true,"showParticleSystems":true},"in2DMode":false,"pivot":{"x":0.1901652067899704,"y":19.76144790649414,"z":0.7771832942962647},"rotation":{"x":-0.6836539506912231,"y":-0.057076845318078998,"z":0.0529794879257679,"w":-0.7258918881416321},"size":0.017338646575808526,"orthographic":false}