{"cameraMode":{"drawMode":0,"name":"Shaded","section":"Shading Mode"},"sceneLighting":false,"audioPlay":false,"sceneViewState":{"showFog":true,"showMaterialUpdate":false,"showSkybox":false,"showFlares":true,"showImageEffects":true,"showParticleSystems":true},"in2DMode":false,"pivot":{"x":540.4857788085938,"y":960.4893798828125,"z":0.03722051903605461},"rotation":{"x":0.2229803502559662,"y":0.13754765689373017,"z":-0.03150370717048645,"w":0.9647025465965271},"size":0.8660253882408142,"orthographic":false}